Address,Zip,Name
100 Larkin St.,94102,Main Library
550 37th Avenue,94121,Anza
5075 3rd Street,94124,Bayview/Linda Brooks-Burton
500 Cortland Avenue,94110,Bernal Heights
1135 Powell Street,94108,Chinatown/Him Mark Lai
1 Jose Sarria Court,94114,Eureka Valley/Harvey Milk Memorial
4400 Mission Street,94112,Excelsior
2825 Diamond Street,94131,Glen Park
1801 Green Street,94123,Golden Gate Valley
1298 Ocean Ave,94112,Ingleside
1890 Chestnut Street,94123,Marina
155 Winston Drive,94132,Merced
300 Bartlett St.,94110,Mission
960 4th Street,94158,Mission Bay
451 Jersey Street,94114,Noe Valley/Sally Brunn
850 Columbus Avenue,94133,North Beach
345 Randolph Street,94132,Ocean View
3223 Ortega Street,94122,Ortega
1833 Page Street,94117,Park
1200 Taraval Street,94116,Parkside
380 Bacon Street,94134,Portola
1616 20th Street,94107,Potrero
3150 Sacramento Street,94115,Presidio
351 9th Ave,94118,Richmond/Senator Milton Marks
1305 18th Ave,94122,Sunset
201 Leland Avenue,94134,Visitacion Valley
190 Lenox Way,94127,West Portal
1550 Scott Street,94115,Western Addition
859 O'Farrell St.,94109,Great American Music Hall
50 Moraga Ave,94129,Presidio Officers' Club
1 Frank H Ogawa Plaza,94612,Oakland City Hall
